<?xml version="1.0" encoding="UTF-8" standalone="yes"?>
<addon id="repository.JGP" name="[COLOR red]JGP[/COLOR][COLOR yellow] Repo[/COLOR]" version="1.0.1" provider-name="JGP">
    <extension point="xbmc.addon.repository" name="Repositorio JGP">
        <info>https://raw.githubusercontent.com/xxxxxxxxxxxxxxxxxxxx/Repo/master/Repositorio/addons.xml</info>
        <checksum>https://raw.githubusercontent.com/xxxxxxxxxxxxxxxxxx/Repo/master/Repositorio/addons.xml.md5</checksum>
        <datadir zip="true">https://raw.githubusercontent.com/xxxxxxxxxxxx/Repo/master/Repositorio/</datadir>
    </extension>
    <extension point="xbmc.addon.metadata">
        <summary>Repositorio para Mi</summary>
        <description></description>
        <disclaimer></disclaimer>
        <platform>all</platform>
    </extension>
</addon>
